1:3,36
2:4,108
3:5,81
4:4,23
5:5,80
6:5,118
7:8,7
8:9,42
9:10,9
10:12,5
11:13,79
12:14,39
13:14,69
14:4,34
15:17,17
16:18,78
17:42,54
18:20,117
19:21,105+1
20:23,83
21:23,90+11
22:24,35
23:4,73
24:27,17
25:15,33
26:27,51
27:28,55
28:27,67
29:29,90+2
30:30,58
39:32,43
40:33,55
41:35,7
42:36,29
43:37,36
44:38,76
45:21,11
46:18,44
47:5,74
48:5,90+1
49:41,39
50:42,45+3
51:43,57
52:45,10
53:46,45+1
54:47,81
55:48,76
56:4,35
57:14,57
58:51,27
59:52,90+1
60:53,5
61:56,26
62:56,32
63:60,26
64:61,35
65:62,20
66:63,44
67:64,48
68:66,4
69:67,23
70:71,58
71:72,10
72:73,73
73:73,85
74:74,90
76:75,48
77:76,51
78:77,12
79:83,90+5
80:84,47
81:85,52
82:86,46
83:14,67
84:88,67
85:89,70
87:91,26
88:92,49
89:94,38
90:96,50
91:97,52
92:96,68
93:99,29
94:100,64
95:101,66
96:102,45+1
97:103,45+3
98:60,53
104:104,58
105:104,61
106:105,24
107:106,34
108:106,68
109:108,81
110:110,73
111:111,90+2
112:113,36
113:114,44
114:113,70
115:115,90+4
116:116,2
117:77,62
118:74,83
119:118,23
120:119,39
121:120,82
122:5,61
123:5,86
124:122,68
125:4,64
126:124,87
127:125,90+9
128:126,90+11
129:127,78
130:128,41
131:129,48
132:130,84
133:91,6
134:131,49
135:132,78
136:29,80
137:133,73
138:134,89
139:265,65
140:36,62
141:36,73
142:75,75
143:135,83
145:136,11
146:137,21
147:138,54
148:139,74
149:140,90
150:77,90+2
156:142,48
157:83,53
158:4,10
159:144,27
160:18,32
161:5,68
162:18,71
163:145,9
164:146,35
165:43,43
166:147,45+1
167:43,62
168:96,71
169:148,90
170:149,65
181:91,84
182:150,90+9
185:131,31
186:131,16
187:151,59
188:5,65
189:33,28
190:152,69
191:164,38
192:153,4
193:154,82
194:33,68
195:152,109
196:155,5
197:157,30
198:158,59
199:160,31
200:161,115
201:113,39
202:162,101
203:163,40
204:164,61
205:166,76
206:167,32
207:187,90+3
208:42,57
209:21,51
210:171,88
211:173,69
212:174,74
213:175,90+4
214:176,48
215:177,52
216:253,42
217:152,4
218:179,1
223:180,57
224:5,64
225:5,68
226:3,41
227:181,48
228:182,90+3
234:183,7
235:183,62
236:15,55
237:185,59
238:187,74
239:190,51
240:193,51
241:194,66
242:51,90+3
243:195,90+6
244:197,50
246:200,31
247:201,88
248:202,56
249:204,36
250:205,68
251:208,18
252:209,50
253:211,53
254:33,90
256:4,14
257:213,86
259:83,90+5
260:216,22
265:217,10
266:183,90
267:219,19
268:220,90+1
269:221,14
270:67,81
271:222,45
272:223,8
273:224,36
274:223,40
275:42,62
276:225,78
277:177,34
278:227,78
279:228,12
280:229,71
281:187,40
282:230,70
283:231,75
284:232,16
285:232,45+3
286:154,51
287:233,90
288:234,18
289:194,90+3
295:195,90+3
296:236,66
298:237,48
299:238,90+5
300:239,32
301:240,90+1
302:21,90+7
303:241,49
304:241,75
305:60,5
306:242,52
307:62,90
310:243,53
311:244,80
312:245,90+1
313:247,54
314:248,39
315:249,73
317:250,86
318:251,61
319:160,59
320:253,62
321:216,73
322:255,48
323:232,69
324:232,75
325:42,11
326:42,90+1
328:256,56
329:257,35
330:240,20
331:259,50
333:182,19
334:260,23
339:262,59
344:263,89
345:265,44
346:265,88
347:247,24
348:247,55
349:266,58
350:267,12
351:160,43
352:253,71
353:160,90+1
354:268,90+5
355:46,17
356:270,90+1
357:325,3
358:271,90
359:272,11
360:273,23
361:238,24
362:238,26
363:274,29
364:275,69
365:275,79
376:276,13
377:205,7
378:277,69
379:286,80
380:167,93
381:232,105
382:278,107
383:275,92
384:279,119
385:280,120+1
386:281,88
387:282,48
388:283,52
389:284,90+1
390:277,18
391:285,32
392:286,29
393:286,50
394:272,55
395:265,80
396:287,57
397:173,77
398:288,60
399:289,6
400:290,23
401:291,59
402:292,83
403:293,82
404:241,4
405:241,47
406:4,3
407:4,45+1
408:213,50
409:62,6
410:62,31
411:62,71
412:294,81
413:295,45+1
414:296,55
415:296,82
416:286,90
417:297,42
418:298,74
419:299,36
420:300,69
421:301,82
422:302,77
423:45,90+2
424:33,87
425:303,72
426:304,75
427:236,82
428:305,26
429:21,17
430:21,35
431:306,49
432:307,84
433:195,50
434:308,72
435:288,26
436:309,28
437:280,38
438:310,62
444:311,64
445:312,81
446:313,5
447:314,90+5
448:315,51
449:273,71
450:133,54
451:287,63
452:283,44
453:200,81
454:242,87
455:18,17
456:316,18
457:317,40
458:318,67
459:319,73
470:320,31
471:131,34
472:131,65
473:286,64
474:248,70
475:321,73
476:217,39
477:217,85
478:322,75
479:323,21
480:324,20
481:325,58
482:45,68
484:326,20
485:327,43
486:328,11
487:33,48
488:152,61
489:152,73
490:174,70
491:255,80
493:329,74
494:330,68
495:276,32
496:272,45+1
497:272,78
498:272,12
499:133,82
500:312,1
501:331,86
502:332,48
503:333,90+3
504:131,22
505:4,65
506:334,85
507:335,6
508:336,58
509:286,90+3
510:337,54
511:338,57
512:339,84
513:183,24
514:340,37
515:341,35
516:342,50
517:298,64
518:321,66
519:227,16
520:325,44
521:324,53
522:343,65
523:325,72
524:324,80
528:285,12
529:344,14
530:345,90+2
531:323,35
532:21,29
533:271,90+1
534:21,71
535:346,116
536:183,28
537:347,51
538:272,19
539:348,56
540:274,82
541:349,73
542:347,41
543:350,90+2
544:351,18
545:281,70
546:324,73
547:272,3
548:273,68
549:352,74
550:273,89
551:299,83
552:281,53
553:281,68
554:353,10
555:347,55
556:354,45+2
557:324,18
558:281,84
559:367,90+4
560:355,35
561:356,38
562:353,59
563:273,20
564:357,32
565:272,67
566:272,70
567:358,37
568:359,26
569:360,33
570:359,52
571:236,71
572:217,8
573:217,80
574:361,68
575:362,5
576:287,93
577:401,62
578:363,14
579:364,20
580:365,82
581:366,47
582:299,24
583:346,37
584:367,25
585:367,73
586:368,89
587:369,81
588:370,90+2
589:371,81
590:227,17
591:372,30
592:295,87
593:325,36
594:373,83
595:395,65
596:374,23
597:279,60
598:323,69
599:375,73
600:376,84
601:217,43
602:377,70
603:378,20
604:379,37
605:380,12
606:381,38
607:382,49
609:383,77
610:384,89
611:385,29
612:386,53
613:387,56
614:388,60
615:389,81
616:265,87
617:388,89
624:299,17
625:299,51
626:390,27
627:391,86
628:392,7
629:356,25
630:356,50
631:393,62
632:394,79
633:375,11
634:395,10
635:396,33
636:397,61
637:398,38
638:399,13
639:400,42
640:401,48
641:402,82
642:360,33
643:360,76
644:360,80
645:361,45+1
646:403,44
647:404,71
648:380,16
649:236,64
651:345,34
652:405,52
653:347,24
654:406,90+5
655:347,80
656:407,90+3
657:367,50
658:408,55
659:393,72
660:409,89
661:410,63
662:411,39
663:412,79
664:287,85
665:357,8
666:273,26
667:272,68
668:413,70
669:381,7
670:414,52
671:415,4
672:312,40
673:416,55
674:303,79
675:436,19
676:430,7
677:417,56
678:417,78
679:418,88
680:430,33
681:419,119
682:420,120+1
683:421,57
684:273,80
685:422,49
686:423,6
687:424,59
688:424,69
689:425,5
690:426,45+1
691:427,84
692:428,41
693:429,83
694:430,90+2
695:299,28
696:357,4
697:357,12
698:431,10
699:303,6
700:432,36
701:429,55
702:421,61
703:433,23
704:434,77
705:435,22
706:312,43
707:436,26
708:437,87
709:438,34
710:425,45+1
711:439,53
712:440,59
713:425,81
714:441,2
715:442,56
716:443,79
718:444,6
719:445,29
720:446,75
721:447,60
722:448,67
723:449,10
724:449,20
725:450,20
726:448,37
728:451,25
729:452,33
730:452,66
731:273,4
732:273,44
733:357,57
734:453,51
735:454,90
736:455,34
737:415,85
738:434,16
739:456,88
740:457,4
741:458,36
742:459,46
743:460,84
744:461,71
745:300,76
746:462,8
747:300,90+1
748:426,49
749:306,90
750:421,9
751:414,81
752:287,2
753:354,82
754:463,6
755:464,31
756:463,41
757:431,78
758:359,84
759:4,88
763:325,23
764:465,27
765:466,38
766:467,8
767:468,54
768:469,90+2
769:470,83
770:415,90+1
771:471,13
772:299,17
773:300,81
774:299,48
775:472,23
776:473,90+2
777:474,57
778:475,84
779:476,54
780:477,72
781:478,31
782:323,84
783:323,89
784:479,90+2
785:480,26
786:481,5
787:482,36
788:482,76
789:483,40
790:484,83
791:324,18
792:485,28
793:485,76
794:486,79
795:487,36
796:488,4
797:431,24
798:489,38
799:394,82
800:490,6
801:273,17
802:273,61
803:491,87
804:492,12
805:492,73
809:467,24
810:468,80
811:425,67
812:425,79
813:493,9
814:494,90+3
815:495,1
816:496,13
817:496,32
818:496,94
819:497,23
820:498,45+2
821:499,50
822:500,12
823:501,88
824:477,117
825:502,18
826:503,8
827:401,65
828:498,67
829:425,87
830:454,11
831:504,37
832:504,104
833:545,8
834:532,90
835:505,5
836:497,22
837:506,44
838:507,48
839:508,75
840:509,7
841:510,78
842:511,82
843:512,52
844:513,88
845:414,70
846:514,3
847:515,5
848:516,66
849:401,83
850:492,39
851:451,56
852:425,10
853:425,13
854:517,38
855:498,62
856:518,64
863:519,6
864:520,9
865:500,85
866:521,34
867:420,85
868:522,59
869:431,88
870:523,31
871:524,53
872:461,4
873:525,45+1
874:461,56
875:526,45+1
876:527,65
877:528,73
878:527,84
879:397,22
880:371,67
881:529,20
882:530,26
883:530,38
884:531,46
885:347,69
886:532,7
887:533,61
888:534,87
889:535,50
890:273,79
891:477,78
892:536,24
893:537,17
894:511,13
895:488,14
896:488,65
897:488,77
898:538,88
899:521,28
900:539,57
901:468,5
902:540,86
903:541,56
904:502,55
905:328,73
906:542,76
907:543,15
908:498,32
909:425,55
910:499,45
911:454,35
912:544,27
913:545,53
914:545,69
915:639,83
916:598,44
917:546,52
918:547,4
919:503,36
920:548,39
921:273,19
922:532,90+2
923:451,61
924:549,65
925:550,59
926:551,67
927:511,57
928:552,75
929:553,26
930:554,53
932:425,50
933:519,45+2
934:502,7
935:502,27
936:555,39
937:556,55
938:557,63
940:558,24
941:559,59
942:461,44
943:560,74
944:561,82
945:639,87
946:562,52
947:563,39
948:564,47
949:371,45
950:371,83
951:273,20
952:273,25
953:565,40
954:566,45+1
955:273,70
956:567,72
957:568,84
958:569,90+2
965:570,30
966:430,27
967:430,45
968:571,90
969:572,21
970:573,13
971:574,35
972:575,47
973:575,70
974:574,46
975:425,46
976:576,87
977:576,12
978:577,89
979:578,17
980:579,45
981:580,80
982:574,85
983:581,10
984:498,27
985:498,60
986:582,2
987:583,50
988:574,45
989:584,45
990:497,16
991:634,9
992:585,75
993:568,86
994:586,47
995:577,38
996:587,90
997:588,48
998:589,77
999:590,3
1000:583,12
1001:591,60
1002:592,76
1003:593,11
1004:593,26
1005:425,70
1006:594,68
1007:425,45
1008:595,74
1009:596,39
1010:596,54
1011:616,72
1013:597,20
1014:598,29
1015:599,4
1016:600,18
1017:601,75
1018:602,90
1019:603,7
1020:554,71
1021:588,4
1022:568,50
1023:585,58
1025:475,45
1027:571,57
1028:895,42
1029:604,18
1030:545,55
1031:545,81
1032:605,90
1033:606,58
1035:607,11
1036:608,1
1037:609,59
1038:610,86
1039:502,49
1040:611,90
1042:612,20
1043:563,56
1044:581,78
1045:613,83
1047:614,23
1048:615,47
1049:614,85
1050:616,47
1051:617,90
1052:497,83
1053:568,80
1054:618,13
1055:619,54
1056:620,32
1057:620,55
1058:621,72
1059:621,79
1060:503,87
1061:622,40
1062:623,84
1063:574,77
1064:511,43
1065:511,47
1066:624,62
1068:599,38
1069:625,42
1070:577,71
1071:626,80
1072:600,83
1073:523,52
1074:627,13
1075:421,36
1076:628,68
1077:421,77
1078:629,85
1079:594,70
1080:630,90
1081:631,7
1082:502,75
1083:502,89
1084:632,66
1085:633,46
1086:425,9
1087:498,45
1088:581,50
1089:634,43
1090:635,89
1091:636,9
1092:585,65
1093:637,45
1094:638,27
1095:573,53
1096:574,69
1097:639,21
1098:461,47
1099:640,24
1100:641,78
1102:642,28
1103:601,51
1104:586,74
1105:586,84
1106:643,69
1107:644,34
1108:421,90
1109:502,10
1110:594,45
1111:594,49
1112:611,85
1113:645,77
1114:646,90
1115:593,5
1117:647,38
1118:615,59
1119:648,60
1120:653,8
1121:654,30
1122:454,37
1123:655,40
1124:611,21
1125:611,25
1126:660,44
1127:658,80
1128:660,75
1129:661,78
1130:812,47
1131:663,88
1132:663,101
1133:653,78
1134:655,115
1135:665,25
1136:611,88
1137:666,58
1138:577,64
1139:668,76
1140:658,53
1141:581,63
1142:669,81
1143:671,25
1144:611,88
1145:611,102
1146:660,6
1147:577,11
1148:674,41
1149:677,85
1150:678,6
1151:655,51
1152:655,88
1153:680,11
1154:680,18
1155:681,58
1156:682,75
1157:684,6
1158:585,11
1159:684,40
1160:685,8
1161:686,90
1162:639,15
1163:604,74
1165:690,45
1166:691,90
1167:660,61
1168:692,90
1169:694,47
1170:577,43
1171:695,77
1172:698,5
1173:699,48
1174:700,57
1175:704,15
1176:704,41
1177:704,72
1178:704,75
1179:705,81
1180:706,46
1184:658,46
1185:655,23
1186:585,12
1187:709,20
1188:585,37
1189:553,52
1190:710,63
1191:712,67
1192:666,66
1193:666,70
1195:661,65
1196:714,90
1197:660,5
1198:660,55
1199:617,18
1200:716,44
1201:717,90
1202:719,45
1203:720,26
1204:722,21
1205:722,28
1206:723,8
1207:724,42
1208:724,65
1209:725,84
1210:658,39
1211:726,66
1212:581,73
1213:678,59
1214:678,81
1215:653,37
1216:704,4
1217:681,35
1218:728,16
1219:729,52
1220:730,65
1221:730,72
1222:731,52
1223:732,90
1224:621,2
1225:621,44
1226:734,60
1227:621,90
1228:585,48
1229:735,14
1230:736,21
1231:691,43
1232:671,55
1233:674,50
1234:737,86
1235:719,18
1236:739,31
1237:740,47
1238:741,8
1239:678,75
1240:742,44
1241:743,39
1242:744,11
1243:732,43
1244:663,15
1245:681,34
1246:663,89
1247:746,51
1248:735,55
1249:710,85
1250:747,90
1251:611,71
1252:750,81
1253:752,60
1254:753,80
1255:754,17
1256:722,67
1257:750,25
1258:756,65
1260:746,84
1261:619,78
1262:619,93
1263:754,65
1264:764,83
1265:722,81
1266:585,51
1267:752,85
1269:706,106
1270:706,108
1271:767,115
1272:769,12
1273:769,63
1274:770,76
1275:769,82
1276:771,55
1277:772,29
1278:773,38
1279:808,26
1280:775,90
1281:776,71
1282:777,11
1283:780,32
1284:781,75
1285:782,87
1286:784,88
1287:785,90
1288:787,5
1289:788,9
1290:788,46
1291:573,90
1292:789,22
1293:792,49
1294:793,63
1295:794,83
1296:754,9
1297:611,78
1298:795,62
1299:796,68
1300:798,20
1301:799,29
1302:800,52
1303:801,63
1304:803,15
1305:804,24
1306:805,47
1307:806,73
1308:807,43
1309:808,23
1310:808,61
1311:808,81
1312:810,86
1313:811,11
1316:684,35
1317:585,37
1318:812,47
1319:813,58
1320:684,75
1321:814,46
1325:706,76
1326:706,86
1327:796,88
1328:816,27
1329:817,79
1330:820,53
1331:821,64
1334:753,9
1335:822,73
1336:823,60
1337:769,26
1338:824,50
1339:769,78
1340:825,90
1341:812,28
1342:585,39
1343:812,64
1344:684,70
1345:826,55
1346:827,40
1347:827,63
1348:653,79
1349:767,50
1350:829,85
1351:831,41
1352:831,55
1353:740,67
1354:833,23
1355:834,56
1356:817,84
1357:835,74
1358:684,81
1359:837,27
1360:838,43
1361:839,104
1362:805,11
1363:840,73
1364:752,9
1365:684,90
1366:734,51
1367:734,63
1368:734,51
1369:734,55
1370:753,81
1371:843,85
1372:805,35
1373:827,17
1374:845,41
1375:753,31
1376:848,56
1377:753,72
1378:850,43
1379:850,57
1380:850,80
1381:896,33
1382:845,15
1383:852,57
1384:812,88
1385:855,55
1386:844,79
1387:919,30
1388:827,83
1389:858,34
1390:859,61
1391:860,27
1392:860,70
1393:804,56
1394:805,77
1395:861,102
1396:840,110
1400:865,15
1401:865,68
1402:866,70
1403:827,15
1404:855,42
1405:827,87
1406:868,50
1407:868,76
1408:869,30
1409:870,59
1410:872,54
1411:753,9
1412:753,14
1413:753,34
1414:874,79
1415:875,19
1416:875,27
1417:876,62
1418:834,3
1419:817,76
1420:878,62
1421:879,83
1422:880,17
1423:880,73
1425:883,58
1426:800,74
1427:852,29
1428:885,62
1429:886,84
1430:684,22
1431:888,50
1432:889,18
1433:891,59
1434:804,16
1435:840,21
1436:893,11
1437:894,41
1438:895,52
1439:893,67
1440:893,80
1441:896,88
1445:897,3
1446:898,85
1447:899,47
1448:850,2
1449:746,18
1450:901,2
1451:902,75
1452:734,34
1453:903,62
1454:904,53
1455:905,70
1456:906,11
1457:907,4
1458:888,84
1459:893,57
1460:908,45
1461:872,23
1462:909,39
1463:910,59
1464:911,6
1465:913,2
1466:914,4
1467:915,66
1468:916,80
1470:834,6
1471:917,18
1472:834,46
1473:918,73
1474:919,62
1475:838,79
1476:692,85
1477:880,43
1478:921,57
1479:922,69
1480:880,81
1481:923,83
1482:926,40
1483:927,44
1484:928,46
1485:929,13
1486:930,72
1487:921,22
1488:921,73
1489:784,17
1490:835,102
1491:932,108
1492:933,92
1493:934,98
1494:921,5
1495:921,25
1496:921,74
1497:919,12
1498:935,68
1499:934,33
1500:886,46
1501:886,68
1502:934,80
1503:939,75
1504:942,89
1505:943,11
1506:944,66
1507:945,75
1508:784,50
1509:932,75
1510:946,82
1511:948,50
1512:949,68
1513:950,27
1514:950,75
1515:952,48
1516:922,57
1517:953,67
1518:954,83
1519:839,39
1520:955,4
1521:955,26
1522:955,53
1523:985,66
1525:960,7
1526:960,31
1527:961,35
1528:962,73
1530:966,60
1531:967,61
1532:943,28
1533:943,31
1534:935,64
1535:944,70
1536:971,55
1537:972,58
1538:955,61
1539:973,68
1540:974,76
1541:975,83
1545:977,76
1546:978,27
1547:979,59
1548:980,84
1549:981,15
1550:982,86
1551:983,55
1552:984,67
1553:839,31
1554:845,43
1555:985,48
1556:986,89
1557:987,75
1558:988,60
1559:939,9
1560:835,9
1561:835,57
1562:835,66
1563:989,83
1564:990,90
1565:991,66
1566:992,10
1567:993,24
1568:883,48
1569:994,68
1570:995,18
1571:996,83
1572:943,33
1573:271,48
1574:997,63
1575:935,87
1576:998,18
1577:999,26
1578:734,28
1579:734,57
1580:1000,60
1581:1001,76
1582:983,22
1583:1002,57
1584:1003,1
1585:1003,67
1586:1004,83
1587:1005,24
1588:835,67
1589:1006,54
1590:1007,68
1591:1008,7
1592:1009,4
1593:1001,11
1594:1010,23
1595:1011,50
1596:1010,54
1597:1012,69
1598:1013,70
1599:1012,72
1600:1012,76
1601:1009,83
1602:1014,64
1609:1016,18
1610:1017,29
1611:1017,32
1612:1018,73
1613:1019,79
1614:1020,54
1615:1021,64
1622:919,75
1623:997,88
1624:1022,34
1625:908,62
1626:1024,38
1627:1024,105
1628:999,115
1629:1025,82
1630:1027,64
1631:1028,72
1632:1029,38
1633:1030,50
1634:1031,75
1635:984,66
1636:984,87
1637:835,19
1638:1034,68
1639:1027,12
1640:1036,57
1641:1036,63
1642:972,45
1643:1024,21
1644:1038,43
1645:1024,48
1646:1039,50
1647:1040,67
1648:1039,72
1652:1041,3
1653:1042,70
1654:1031,27
1655:1043,84
1656:1030,6
1657:1044,36
1658:1044,53
1659:1045,82
1660:1046,79
1661:1028,15
1662:1028,28
1663:943,73
1664:1024,16
1665:1024,71
1666:1050,2
1667:1051,79
1668:1052,41
1669:1051,36
1670:1051,39
1671:1016,44
1672:1054,68
1673:1044,71
1674:1054,47
1675:1099,34
1676:1056,22
1677:1057,37
1678:886,42
1679:1058,41
1680:955,43
1681:1060,56
1682:955,84
1683:1061,52
1684:1064,60
1685:921,34
1686:1065,36
1687:1066,60
1688:1042,15
1689:1067,30
1690:835,38
1691:1068,44
1692:835,73
1693:1068,89
1697:1039,73
1698:845,60
1699:1070,37
1700:1071,45
1701:983,9
1702:984,76
1703:1073,21
1704:1074,43
1705:1051,71
1706:1051,77
1707:981,14
1708:921,29
1709:1075,54
1710:1076,1
1711:1077,55
1712:1078,79
1713:1079,87
1714:1039,15
1715:999,83
1716:1080,10
1717:1083,43
1718:923,25
1719:972,76
1720:1083,76
1721:1085,50
1722:1086,65
1723:1040,20
1724:1089,14
1725:1091,29
1726:1092,85
1727:1093,27
1728:972,62
1729:1095,43
1730:1097,35
1731:1069,32
1732:1098,49
1733:1085,7
1734:1099,59
1735:1101,51
1736:1102,52
1737:1103,76
1738:1091,24
1739:1104,53
1740:923,39
1741:1083,82
1742:972,43
1743:1086,10
1744:1106,25
1745:1044,73
1746:1086,90
1747:1044,71
1748:1108,88
1749:1085,5
1750:1085,45
1751:926,38
1752:1060,44
1753:1110,85
1754:1091,46
1755:1104,74
1756:1091,77
1757:1113,15
1758:1040,18
1759:1114,55
1760:1113,68
1761:1115,63
1762:981,88
1763:1095,81
1764:1098,12
1765:1069,66
1766:1121,79
1767:972,17
1768:1060,18
1769:926,30
1770:1122,31
1771:926,34
1772:926,50
1773:972,87
1780:1123,75
1781:1124,87
1782:1101,12
1783:1125,34
1784:1083,53
1785:1126,8
1786:1127,14
1787:1093,18
1788:1128,22
1789:1126,30
1790:1129,35
1791:1130,61
1792:1131,65
1793:1126,81
1800:1132,69
1801:1133,55
1802:1044,7
1803:1044,86
1804:1135,52
1805:1066,66
1806:1136,79
1807:1115,46
1808:972,7
1809:926,8
1810:972,62
1811:1137,60
1812:1138,66
1813:1139,26
1814:981,34
1815:1141,18
1816:1142,66
1817:1098,71
1818:1143,86
1819:1144,37
1820:1144,8
1821:1147,98
1822:1148,104
1823:1135,111
1824:1149,90
1825:1083,94
1826:1083,110
1833:1150,44
1834:1098,76
1835:1069,89
1836:1151,19
1837:1069,11
1838:1152,15
1839:1152,52
1840:1098,75
1841:1153,28
1842:1051,70
1846:1148,63
1847:1135,70
1848:1148,76
1849:1155,13
1850:1158,68
1851:1159,82
1852:1083,108
1853:1160,31
1854:1161,49
1855:1166,40
1856:1167,61
1857:1083,19
1858:1083,26
1859:1083,39
1860:1051,44
1861:1141,19
1862:1098,22
1863:1141,67
1864:1170,34
1865:1171,84
1866:1173,51
1867:1173,74
1868:1174,45
1869:1174,46
1870:1175,58
1871:1176,83
1872:1178,20
1873:1083,27
1874:1159,70
1875:1083,88
1876:1179,12
1877:1180,89
1881:1182,53
1882:1183,56
1883:1185,52
1884:1186,5
1885:1173,14
1886:1187,57
1887:1173,63
1888:1188,76
1889:1189,86
1890:1051,65
1891:1190,67
1892:1051,75
1893:1191,12
1894:1191,54
1895:1189,79
1896:1069,24
1897:1141,59
1898:1098,61
1899:1098,83
1900:1186,11
1901:1159,56
1902:1083,80
1903:1192,21
1904:1153,50
1905:1194,55
1906:1051,73
1907:1195,13
1908:1123,49
1909:1197,23
1910:1198,50
1911:1199,18
1912:1161,78
1913:1199,101
1914:1199,120
1915:1200,12
1916:1201,89
1920:1204,89
1921:1205,43
1922:1206,30
1923:1206,80
1924:1209,82
1925:1200,43
1926:1158,67
1927:1207,88
1928:1209,27
1929:1209,56
1930:1210,80
1931:1211,1
1932:1212,22
1933:1213,25
1937:1216,5
1938:1207,46
1939:1217,57
1940:1200,11
1941:1158,70
1942:1159,75
1943:1200,83
1944:1220,38
1945:1220,75
1946:1221,45
1947:1217,54
1948:1222,15
1949:1224,38
1950:1159,84
1951:1225,22
1952:1207,28
1953:1207,85
1954:1227,32
1955:1229,53
1956:1230,81
1957:1232,15
1958:1209,27
1959:1209,85
1960:1233,73
1961:1209,38
1962:1204,81
1963:1206,37
1964:1220,75
1965:1237,57
1966:1238,75
1967:1239,28
1968:1240,26
1969:1241,31
1971:1217,2
1972:1243,64
1973:1152,14
1974:1221,73
1975:1211,88
1976:1227,26
1977:1229,65
1978:1229,79
1979:1072,71
1980:1244,62
1981:1245,48
1982:1246,8
1983:1247,88
1984:1210,2
1985:1210,67
1986:1204,90
1987:1217,60
1988:1141,15
1989:1248,63
1990:1205,31
1991:1249,33
1992:1205,88
1993:1251,15
1994:1200,20
1995:1158,39
1996:1158,52
1997:1254,17
1998:1255,69
1999:1256,78
2000:1257,15
2001:1248,9
2002:1248,32
2003:1256,47
2004:1256,78
2005:1260,42
2006:1261,48
2007:1262,80
2008:1263,69
2009:1262,84
2010:1266,11
2011:1267,29
2012:1216,26
2013:1248,31
2014:1256,53
2015:1248,59
2016:1269,38
2017:1274,12
2018:1275,29
2019:1276,1
2021:1279,2
2022:1280,65
2023:1280,67
2024:1282,20
2025:1263,25
2026:1282,61
2027:1283,82
2028:1263,87
2029:1284,38
2030:1285,89
2031:1286,54
2032:1254,72
2033:1254,86
2034:1289,35
2035:1285,8
2036:1216,10
2037:1285,11
2038:1290,56
2039:1291,21
2040:1292,68
2041:1293,72
2042:1294,76
2049:1297,1
2050:1297,6
2051:1298,8
2052:1299,12
2053:1297,53
2054:1298,70
2055:1300,64
2062:1301,45
2063:1159,59
2064:1302,73
2065:1304,73
2066:1260,87
2067:1206,42
2068:1306,67
2069:1307,81
2071:1282,29
2072:1263,49
2073:1308,19
2075:1298,17
2076:1297,71
2078:1285,51
2079:1290,83
2080:1266,44
2081:1304,51
2082:1266,55
2083:1310,6
2084:1151,56
2085:1286,75
2087:1312,56
2088:1141,73
2089:1256,9
2090:1256,32
2091:1141,55
2092:1312,68
2093:1141,90
2094:1314,4
2095:1315,80
2102:1317,16
2103:1317,36
2104:1318,50
2105:1317,78
2106:1317,89
2107:1319,18
2108:1320,52
2109:1321,84
2116:1322,32
2117:1323,81
2118:1324,88
2119:1321,24
2120:1256,2
2121:1326,39
2122:1141,52
2123:1141,64
2124:1141,75
2125:1317,9
2126:1327,83
2133:1329,44
2134:1317,55
2135:1317,63
2136:1327,68
2137:1324,49
2138:1315,88
2139:1333,44
2140:1333,99
2141:1334,19
2142:1336,55
2143:1337,76
2144:1298,33
2145:1341,20
2146:1342,49
2147:1343,80
2148:1344,12
2149:1345,29
2150:1346,73
2154:1320,20
2155:1159,79
2156:1333,19
2157:1333,60
2158:1348,8
2159:1334,17
2160:1334,40
2161:1349,69
2162:1350,82
2163:1350,89
2167:1352,56
2168:1353,73
2169:1354,16
2170:1355,70
2171:1256,3
2172:1256,77
2173:1298,19
2174:1298,46
2175:1357,54
2176:1358,69
2177:1360,22
2178:1317,44
2179:1361,66
2180:1324,34
2181:1324,55
2182:1298,77
2183:1362,15
2184:1285,63
2185:1321,59
2186:1320,70
2187:1334,43
2188:1348,24
2189:1363,55
2190:1364,59
2191:1333,3
2192:1381,38
2193:1366,16
2194:1345,63
2195:1345,88
2196:1317,4
2197:1317,85
2198:1342,4
2199:1368,45
2200:1341,73
2201:1369,24
2202:1370,76
2203:1371,89
2204:1336,32
2205:1315,17
2206:1315,64
2207:1314,57
2208:1372,5
2209:1373,27
2210:1366,6
2211:1374,49
2212:1375,38
2213:1376,49
2214:1375,89
2215:1377,13
2216:1378,55
2217:1353,66
2218:1404,85
2219:1317,24
2220:1317,30
2221:1327,52
2222:1329,61
2223:1317,67
2224:1360,70
2225:1379,83
2226:1380,20
2227:1343,50
2234:1381,2
2235:1320,32
2236:1159,40
2237:1320,79
2238:1384,10
2239:1320,18
2240:1320,84
2241:1385,6
2242:1386,8
2243:1389,79
2244:1390,22
2245:1386,12
2246:1391,47
2247:1392,109
2248:1392,116
2249:1390,75
2250:1390,86
2254:1321,31
2255:1384,47
2256:1393,61
2257:1393,89
2258:1394,51
2259:1391,4
2260:1392,7
2261:1392,88
2262:1397,65
2263:1441,60
2264:1399,5
2265:1400,39
2266:1401,46
2267:1402,78
2268:1403,16
2269:1404,67
2273:1406,16
2274:1407,17
2275:1407,19
2276:1406,39
2277:1407,60
2278:1408,25
2279:1355,26
2280:1408,27
2281:1389,32
2282:1355,34
2283:1408,53
2284:1394,76
2291:1393,7
2292:1321,12
2293:1384,30
2294:1384,60
2295:1410,62
2296:1384,77
2297:1321,79
2298:1411,21
2299:1412,82
2306:1407,14
2307:1406,48
2308:1407,85
2309:1414,90
2310:1415,67
2311:1392,3
2312:1385,17
2313:1392,21
2314:1391,52
2315:1391,54
2316:1392,69
2317:1011,75
2318:1392,78
2319:1416,25
2320:1320,77
2321:1417,84
2328:1420,10
2329:1412,18
2330:1420,30
2331:1421,37
2332:1421,64
2333:1421,70
2334:1422,76
2341:1424,48
2342:1425,58
2343:1426,78
2344:1427,81
2345:1477,41
2346:1428,43
2347:1429,69
2348:1399,17
2349:1431,30
2350:1399,47
2351:1432,54
2352:1399,57
2353:1431,83
2354:1432,85
2361:1326,69
2362:1433,48
2363:1434,3
2364:1394,4
2365:1394,21
2366:1394,24
2367:1434,65
2368:1379,19
2369:1436,54
2370:1437,85
2371:1360,88
2372:1406,18
2373:1407,78
2374:1439,44
2375:1385,12
2376:1441,18
2377:1392,24
2378:1392,36
2379:1392,50
2380:1386,59
2381:1442,75
2382:1442,83
2383:1385,89
2390:1321,14
2391:1443,52
2392:1393,60
2393:1384,84
2394:1420,2
2395:1444,26
2396:1403,36
2397:1444,63
2398:1403,91
2399:1427,5
2400:1445,67
2401:1427,71
2408:1431,71
2409:1401,84
2410:1447,23
2411:1326,30
2412:1448,34
2413:1448,43
2414:1397,69
2415:1452,15
2416:1453,33
2417:1454,80
2418:1455,82
2419:1401,66
2420:1457,79
2421:1458,47
2422:1460,21
2423:1461,31
2424:1461,55
2425:1462,57
2426:1463,67
2427:1464,71
2432:1457,39
2433:1431,77
2434:1431,85
2435:1454,5
2436:1452,40
2437:1462,17
2438:1462,36
2439:1461,39
2440:1462,52
2441:1462,58
2442:1465,85
2443:1461,88
2450:1457,29
2451:1400,73
2452:1466,37
2453:1466,39
2454:1469,16
2455:1470,32
2456:1471,54
2457:1470,60
2458:1472,82
2459:1473,47
2463:1476,12
2464:1477,63
2465:1431,14
2466:1479,18
2467:1401,23
2468:1431,40
2469:1431,51
2470:1401,54
2471:1480,83
2472:1457,87
2479:1482,10
2480:1483,44
2481:1484,89
2482:1462,4
2483:1463,69
2484:1466,17
2485:1455,30
2486:1452,17
2487:1454,26
2488:1487,35
2489:1488,74
2490:1490,3
2491:1447,32
2492:1414,17
2493:1414,88
2494:1492,20
2495:1493,23
2496:1493,51
2497:1494,81
2498:1495,25
2499:1496,34
2500:1495,69
2501:1476,7
2502:1497,78
2503:1498,39
2504:1499,51
2505:1464,81
2506:1466,83
2507:1455,89
2508:1502,17
2509:1503,59
2510:1494,70
2511:1504,84
2512:1462,30
2513:1460,65
2514:1447,71
2515:1462,79
2516:1508,44
2517:1506,63
2518:1506,74
2519:1509,80
2520:1510,28
2521:1511,38
2525:1514,6
2526:1515,16
2527:1514,35
2528:1515,82
2529:1516,8
2530:1517,70
2534:1516,37
2535:1519,39
2536:1517,65
2537:1519,85
2538:1511,1
2540:1514,51
2541:1508,87
2542:1506,57
2543:1522,63
2544:1523,25
2545:1525,9
2546:1526,22
2547:1526,37
2548:1526,44
2549:1527,80
2550:1525,81
2551:1511,84
2552:1525,89
2559:1506,30
2560:1561,65
2561:1517,40
2562:1519,89
2563:1514,9
2564:1515,51
2565:1515,72
2566:1531,10
2567:1534,42
2568:1535,64
2569:1536,75
2570:1536,78
2571:1537,8
2573:1539,51
2574:1540,57
2575:1541,35
2576:1543,2
2577:1515,94
2578:1544,83
2579:1539,44
2580:1546,69
2581:1539,103
2582:1547,35
2583:1548,88
2584:1541,105
2588:1550,13
2589:1551,15
2590:1517,28
2591:1519,35
2592:1519,76
2593:1517,89
2597:1553,1
2598:1554,16
2599:1554,69
2600:1555,38
2601:1506,18
2602:1508,25
2603:1509,44
2604:1509,71
2605:1506,93
2606:1506,104
2607:1557,53
2608:1557,59
2609:1557,89
2610:1557,118
2617:1559,93
2618:1560,111
2619:1561,118
2620:1536,43
2621:1563,29
2622:1565,81
2623:1566,95
2624:1567,71
2625:1569,1
2626:1570,27
2627:1569,42
2628:1571,28
2629:1572,54
2630:1561,21
2631:1561,69
2632:1561,80
2633:1573,62
2634:1571,8
2635:1577,51
2636:1517,60
2637:1578,24
2638:1579,49
2639:1561,82
2640:1580,18
2641:1581,78
2642:1583,44
2643:1584,30
2644:1586,60
2645:1586,63
2646:1587,82
2647:1567,50
2648:1561,67
2649:1541,11
2650:1590,11
2651:1551,31
2652:1591,53
2653:1551,61
2654:1592,35
2655:1592,39
2659:1594,44
2660:1595,93
2661:1596,109
2662:1554,18
2663:1580,7
2664:1580,43
2665:1536,66
2666:1597,29
2667:1598,69
2668:1510,9
2669:1510,67
2670:1600,79
2671:1601,4
2672:1602,48
2673:1603,25
2674:1604,29
2675:1506,55
2676:1603,18
2677:1606,25
2678:1607,49
2679:1570,66
2680:1570,70
2681:1570,87
2682:1608,29
2683:1608,43
2690:1566,18
2691:1565,20
2692:1566,29
2693:1583,63
2694:1566,64
2695:1565,69
2696:1611,90
2697:1612,57
2704:1615,12
2705:1616,57
2706:1617,68
2707:1618,89
2708:1619,20
2709:1620,37
2713:1616,18
2714:1622,20
2715:1622,31
2716:1617,61
2717:1616,67
2718:1616,72
2719:1623,4
2726:1625,20
2727:1626,56
2728:1620,69
2729:1619,80
2730:1619,85
2731:1620,87
2732:1627,89
2739:1620,12
2740:1620,13
2741:1629,51
2742:1630,15
2743:1615,7
2744:1631,24
2745:1622,30
2746:1616,35
2747:1634,37
2748:1632,67
2749:1634,73
2750:1632,83
2751:1620,8
2752:1641,12
2753:1620,17
2754:1642,53
2755:1641,55
2756:1620,80
2757:1643,65
2758:1644,75
2765:1646,60
2766:1647,65
2767:1646,67
2768:1623,85
2769:1648,10
2770:1648,15
2771:1648,50
2772:1649,3
2773:1649,65
2774:1650,21
2775:1646,30
2776:1632,62
2777:1652,1
2778:1653,79
2779:1654,89
2780:1655,75
2781:1656,23
2782:1657,45
2783:1648,69
2784:1658,19
2785:1659,40
2786:1660,43
2787:1660,87
2788:1661,70